<?xml version="1.0" encoding="UTF-8"?>
<project-private xmlns="http://www.netbeans.org/ns/project-private/1">
    <editor-bookmarks xmlns="http://www.netbeans.org/ns/editor-bookmarks/2" lastBookmarkId="0"/>
    <open-files xmlns="http://www.netbeans.org/ns/projectui-open-files/2">
        <group>
            <file>file:/D:/SEMUA%20DATA%20PROJECT%20WORK/PROJECT%20WORK/PW%20(ASLI)/src/edu/ramdhoni/aplikasi/MainView.java</file>
            <file>file:/D:/SEMUA%20DATA%20PROJECT%20WORK/PROJECT%20WORK/PW%20(ASLI)/src/edu/ramdhoni/aplikasi/RegisterForm.java</file>
        </group>
    </open-files>
</project-private>
